{
  "baseline": {
    "gross": {
      "starting_balance": 5000.0,
      "final_balance": 4751.99,
      "total_pnl": -248.01,
      "total_return_pct": -0.049602,
      "trade_count": 6,
      "win_count": 1,
      "loss_count": 5,
      "win_rate": 0.166667,
      "avg_win": 131.93,
      "avg_loss": -75.99,
      "profit_factor": 0.34723351179867423,
      "max_drawdown": 322.69,
      "max_drawdown_pct": 0.063589,
      "sharpe": -0.97348,
      "sortino": -0.137069
    },
    "net": {
      "starting_balance": 5000.0,
      "final_balance": 4699.35,
      "total_pnl": -300.65,
      "total_return_pct": -0.06013,
      "trade_count": 6,
      "win_count": 1,
      "loss_count": 5,
      "win_rate": 0.166667,
      "avg_win": 122.96,
      "avg_loss": -84.72,
      "profit_factor": 0.290263719138029,
      "max_drawdown": 323.37,
      "max_drawdown_pct": 0.064382,
      "sharpe": -1.131683,
      "sortino": -0.161182
    }
  },
  "training": {
    "gross": {
      "starting_balance": 5000.0,
      "final_balance": 5384.28,
      "total_pnl": 384.28,
      "total_return_pct": 0.076856,
      "trade_count": 134,
      "win_count": 75,
      "loss_count": 59,
      "win_rate": 0.559701,
      "avg_win": 15.89,
      "avg_loss": -13.68,
      "profit_factor": 1.4760600200697047,
      "max_drawdown": 128.07,
      "max_drawdown_pct": 0.025379,
      "sharpe": 1.847725,
      "sortino": 1.242498
    },
    "net": {
      "starting_balance": 5000.0,
      "final_balance": 5077.08,
      "total_pnl": 77.08,
      "total_return_pct": 0.015415,
      "trade_count": 134,
      "win_count": 65,
      "loss_count": 69,
      "win_rate": 0.485075,
      "avg_win": 15.87,
      "avg_loss": -13.84,
      "profit_factor": 1.0807318205830587,
      "max_drawdown": 179.79,
      "max_drawdown_pct": 0.035959,
      "sharpe": 0.360299,
      "sortino": 0.168878
    }
  },
  "test": {
    "gross": {
      "starting_balance": 5000.0,
      "final_balance": 5101.94,
      "total_pnl": 101.94,
      "total_return_pct": 0.020389,
      "trade_count": 40,
      "win_count": 21,
      "loss_count": 19,
      "win_rate": 0.525,
      "avg_win": 14.01,
      "avg_loss": -10.12,
      "profit_factor": 1.530257341913372,
      "max_drawdown": 78.06,
      "max_drawdown_pct": 0.015202,
      "sharpe": 1.722586,
      "sortino": 1.390958
    },
    "net": {
      "starting_balance": 5000.0,
      "final_balance": 5010.88,
      "total_pnl": 10.88,
      "total_return_pct": 0.002177,
      "trade_count": 40,
      "win_count": 20,
      "loss_count": 20,
      "win_rate": 0.5,
      "avg_win": 12.39,
      "avg_loss": -11.84,
      "profit_factor": 1.045946127229246,
      "max_drawdown": 91.39,
      "max_drawdown_pct": 0.01803,
      "sharpe": 0.237013,
      "sortino": 0.107532
    }
  },
  "candidate_summaries": [
    {
      "profile": {
        "name": "candidate_000",
        "min_conviction": 70,
        "min_ev": 0.005,
        "stop_loss_pct": 0.02,
        "take_profit_pct": 0.04,
        "size_multiplier": 1.0,
        "max_risk_per_trade": 0.02,
        "max_daily_loss": 0.05,
        "max_weekly_loss": 0.1,
        "max_open_positions": 1,
        "max_position_duration_hours": 24,
        "min_time_between_trades_hours": 4,
        "max_leverage": 5.0,
        "hmm_training_window": 1000,
        "regime_state_labels": [
          "BULL_TREND",
          "BEAR_TREND",
          "HIGH_VOL_RANGE",
          "LOW_VOL_RANGE"
        ],
        "monte_carlo_paths": 10000,
        "refit_interval_candles": 42,
        "seed": 42
      },
      "gross_metrics": {
        "starting_balance": 5000.0,
        "final_balance": 4751.99,
        "total_pnl": -248.01,
        "total_return_pct": -0.049602,
        "trade_count": 6,
        "win_count": 1,
        "loss_count": 5,
        "win_rate": 0.166667,
        "avg_win": 131.93,
        "avg_loss": -75.99,
        "profit_factor": 0.34723351179867423,
        "max_drawdown": 322.69,
        "max_drawdown_pct": 0.063589,
        "sharpe": -1.088642,
        "sortino": -0.171399
      },
      "net_metrics": {
        "starting_balance": 5000.0,
        "final_balance": 4699.35,
        "total_pnl": -300.65,
        "total_return_pct": -0.06013,
        "trade_count": 6,
        "win_count": 1,
        "loss_count": 5,
        "win_rate": 0.166667,
        "avg_win": 122.96,
        "avg_loss": -84.72,
        "profit_factor": 0.290263719138029,
        "max_drawdown": 323.37,
        "max_drawdown_pct": 0.064382,
        "sharpe": -1.265584,
        "sortino": -0.201551
      },
      "score": -Infinity,
      "caveats": []
    },
    {
      "profile": {
        "name": "candidate_001",
        "min_conviction": 80,
        "min_ev": 0.01,
        "stop_loss_pct": 0.02,
        "take_profit_pct": 0.04,
        "size_multiplier": 1.0,
        "max_risk_per_trade": 0.005,
        "max_daily_loss": 0.03,
        "max_weekly_loss": 0.06,
        "max_open_positions": 1,
        "max_position_duration_hours": 12,
        "min_time_between_trades_hours": 4,
        "max_leverage": 2.0,
        "hmm_training_window": 1000,
        "regime_state_labels": [
          "LOW_VOL_RANGE",
          "HIGH_VOL_RANGE",
          "BULL_TREND",
          "BEAR_TREND"
        ],
        "monte_carlo_paths": 10000,
        "refit_interval_candles": 42,
        "seed": 42
      },
      "gross_metrics": {
        "starting_balance": 5000.0,
        "final_balance": 5384.28,
        "total_pnl": 384.28,
        "total_return_pct": 0.076856,
        "trade_count": 134,
        "win_count": 75,
        "loss_count": 59,
        "win_rate": 0.559701,
        "avg_win": 15.89,
        "avg_loss": -13.68,
        "profit_factor": 1.4760600200697047,
        "max_drawdown": 128.07,
        "max_drawdown_pct": 0.025379,
        "sharpe": 1.847725,
        "sortino": 1.242498
      },
      "net_metrics": {
        "starting_balance": 5000.0,
        "final_balance": 5077.08,
        "total_pnl": 77.08,
        "total_return_pct": 0.015415,
        "trade_count": 134,
        "win_count": 65,
        "loss_count": 69,
        "win_rate": 0.485075,
        "avg_win": 15.87,
        "avg_loss": -13.84,
        "profit_factor": 1.0807318205830587,
        "max_drawdown": 179.79,
        "max_drawdown_pct": 0.035959,
        "sharpe": 0.360299,
        "sortino": 0.168878
      },
      "score": 0.42868266637003255,
      "caveats": []
    },
    {
      "profile": {
        "name": "candidate_002",
        "min_conviction": 75,
        "min_ev": 0.005,
        "stop_loss_pct": 0.01,
        "take_profit_pct": 0.04,
        "size_multiplier": 1.0,
        "max_risk_per_trade": 0.02,
        "max_daily_loss": 0.05,
        "max_weekly_loss": 0.1,
        "max_open_positions": 1,
        "max_position_duration_hours": 24,
        "min_time_between_trades_hours": 4,
        "max_leverage": 5.0,
        "hmm_training_window": 750,
        "regime_state_labels": [
          "HIGH_VOL_RANGE",
          "BULL_TREND",
          "LOW_VOL_RANGE",
          "BEAR_TREND"
        ],
        "monte_carlo_paths": 10000,
        "refit_interval_candles": 42,
        "seed": 42
      },
      "gross_metrics": {
        "starting_balance": 5000.0,
        "final_balance": 4705.96,
        "total_pnl": -294.04,
        "total_return_pct": -0.058808,
        "trade_count": 3,
        "win_count": 0,
        "loss_count": 3,
        "win_rate": 0.0,
        "avg_win": 0.0,
        "avg_loss": -98.01,
        "profit_factor": 0.0,
        "max_drawdown": 335.6,
        "max_drawdown_pct": 0.066567,
        "sharpe": -1.64671,
        "sortino": -0.227115
      },
      "net_metrics": {
        "starting_balance": 5000.0,
        "final_balance": 4653.12,
        "total_pnl": -346.88,
        "total_return_pct": -0.069377,
        "trade_count": 3,
        "win_count": 0,
        "loss_count": 3,
        "win_rate": 0.0,
        "avg_win": 0.0,
        "avg_loss": -115.63,